X,Y,id,site,npines,pine_density,aspect,sol,slope,twi,dtm,chm,chm10,chm5b,min_dist,n50m,n100m,paths_dist
397831.0711,87588.85112,16,A,2,0.636619772367581,36.1440544128418,1.58446788787842,3.6137216091156,3.04634141921997,5.84499979019165,0.115000247955322,0,0.0224761735825312,20.9575769019373,4,25,22.4102817653831
397854.0381,87608.91911,17,A,4,1.27323954473516,5.08344554901123,1.63725078105927,2.34271788597107,3.56851077079773,4.16800022125244,0.241999626159668,0,0.0935263131794177,10.9193663465203,5,34,13.0107407327472
397836.9658,87607.07317,18,A,7,2.22816920328654,70.6651153564453,1.73868727684021,2.16213774681091,3.42760109901428,4.78499984741211,0.105000019073486,0,0.0613332930065337,18.6698436415796,5,32,18.6866949220494
397836.9558,87584.21517,19,A,12,3.81971863420549,29.1014575958252,1.57843255996704,3.39765191078186,3.23087739944458,5.95499992370605,0,0,0.0373158203928094,16.1153439486705,4,29,17.8989820957885
397825.9846,87624.06701,20,A,2,0.636619772367581,33.9319534301758,1.65722835063934,2.8203821182251,4.21049499511719,4.6100001335144,0,0,0.0403125286102295,34.102040313035,4,31,3.19961661364038
397824.9978,87611.09399,21,A,9,2.86478897565412,24.4574508666992,1.63690042495728,2.52398633956909,3.4995014667511,4.80499982833862,0.150000095367432,0,0.0420952524457659,24.7484436027164,3,28,16.1941951428639
397825.9815,87616.9625,22,A,12,3.81971863420549,62.8561820983887,1.73026633262634,1.58512628078461,3.79299116134644,4.67500019073486,0,0,0.0531579318799471,29.0326814790377,3,31,10.2487355410273
397812.0478,87612.95302,23,A,13,4.13802852038928,32.1916618347168,1.60365533828735,3.1492862701416,3.58876657485962,5.05700016021729,0,0,0.0326842508817974,16.9827267497008,3,28,15.7324838765439
397812.0509,87620.05753,24,A,7,2.22816920328654,56.1164360046387,1.72469449043274,1.47059655189514,4.25185632705688,4.88000011444092,0,0,0.023125022649765,23.4010050365744,5,29,8.62828860349732
397818.9183,87619.12784,25,A,8,2.54647908947033,77.0053558349609,1.74058210849762,1.00320112705231,4.71565914154053,4.81799983978271,0.142000198364258,0,0.0337619554428827,25.8657374330482,4,30,8.98373984953838
397833.0399,87603.98596,26,A,7,2.22816920328654,45.9315757751465,1.62047398090363,3.11188125610352,3.23485827445984,5.01999998092651,0,0,0.0212631476552863,20.5708044999373,3,29,22.2406508864297
397837.9434,87599.04155,27,A,4,1.27323954473516,23.2152347564697,1.59768736362457,3.23064994812012,3.41798830032349,5.0479998588562,0,0,0.037368423060367,14.3791943478273,4,30,26.3735105799086
397845.0048,87592.86065,28,A,1,0.318309886183791,20.3104915618896,1.56051528453827,4.48886203765869,2.95834970474243,5.3270001411438,0,0,0.0335714249383836,6.99237687047188,5,31,26.9121036329871
397836.9584,87590.08412,29,A,2,0.636619772367581,17.4472255706787,1.55444121360779,3.67356252670288,3.34792137145996,5.53700017929077,0,0,0.0057894556145919,15.0387768731806,3,29,23.7616080246847
397836.9539,87579.89069,30,A,2,0.636619772367581,35.3182640075684,1.6719434261322,1.95660829544067,3.66362524032593,6.23999977111816,0.110000133514404,0,0.0234210616663883,18.1243798468364,3,30,13.5791626670757
397860.3062,87619.50522,31,A,11,3.5014087480217,22.3177185058594,1.42281925678253,4.63884925842285,3.86670732498169,3.54999995231628,0,0,0.0468000054359436,4.80209804238112,7,37,0.759389545301111
397860.4474,87619.28276,32,A,3,0.954929658551372,22.3177185058594,1.42281925678253,4.63884925842285,3.86670732498169,3.54999995231628,0,0,0.0450000047683716,4.96505217573723,7,37,0.856952304582769
397861.568,87596.81966,33,A,2,0.636619772367581,33.4007606506348,1.60117387771606,4.12358140945435,2.96526765823364,4.72700023651123,0.127999782562256,1.67776000499725,0.590950012207031,3.57082313341953,5,37,12.1806281935448
397855.3464,87584.81263,34,A,4,1.27323954473516,60.7511367797852,1.67542433738708,2.66583895683289,3.41612339019775,5.47700023651123,0,0.558840036392212,0.0924285479954311,5.18711365375018,5,35,19.3574797783147
397854.7058,87573.804,35,A,6,1.90985931710274,78.6041412353516,1.72985434532166,2.8069121837616,3.88129234313965,5.6100001335144,0.119999885559082,0,0.0335789228740491,16.1957436534299,2,35,8.33092521308252
397843.0551,87585.59636,36,A,7,2.22816920328654,14.1677579879761,1.62016630172729,2.64622569084167,3.06039762496948,5.77799987792969,0,0,0.041700005531311,9.96747342097269,4,32,19.5644385970055
397828.2231,87591.60768,37,A,9,2.86478897565412,42.6655006408691,1.54920697212219,4.21947336196899,2.85962581634521,5.88199996948242,0,0,0.030649995803833,23.7740768717176,3,25,25.2481236808953
397831.2649,87601.39204,38,A,2,0.636619772367581,42.0247116088867,1.68429028987885,2.43773174285889,3.12699222564697,5.14799976348877,0,0,0.00619048164004371,21.422048548224,3,27,25.0361920988793
397817.2774,87600.06375,39,A,9,2.86478897565412,28.108304977417,1.48771524429321,5.04140663146973,2.92046594619751,5.66800022125244,0,0,0.0546842123332777,13.4396595538731,2,27,28.103369911037
397808.8056,87611.8548,40,A,5,1.59154943091895,28.3007755279541,1.61663269996643,2.69451665878296,3.3982629776001,5.27500009536743,0,0,0.0523158123618678,14.6657260576434,3,27,16.8015238450872
397815.2356,87615.5216,41,A,2,0.636619772367581,43.0693969726562,1.67559218406677,2.7038516998291,3.75585150718689,4.92700004577637,0,0,0.0184499979019165,20.8162822363875,4,28,13.0222355350838
397810.9291,87621.52835,42,A,0,0,34.1820983886719,1.7134952545166,0.809423804283142,4.20870542526245,4.8899998664856,0,0,0.0534762200855073,24.145141063762,5,29,7.14744705602021
397814.8864,87624.75144,43,A,5,1.59154943091895,20.5251541137695,1.69939136505127,1.5520521402359,4.10573816299438,4.73000001907349,0,0,0.0495238304138184,28.8830130107467,5,29,3.90853258826606
397825.1276,87620.85491,44,A,4,1.27323954473516,86.2314758300781,1.77208089828491,1.79737341403961,4.21738386154175,4.63500022888184,0.10699987411499,0,0.0333810079665411,31.1264102151634,4,32,6.4936766996671
397831.6949,87615.51439,45,A,12,3.81971863420549,28.2870140075684,1.66911005973816,2.02432656288147,3.73175406455994,4.64799976348877,0,0,0.0337500095367432,28.160324360088,4,32,10.970942151676
397834.3783,87613.2892,46,A,8,2.54647908947033,35.0787582397461,1.49857974052429,4.25419139862061,3.41002249717712,4.59000015258789,0,0,0.0465788841247559,24.6850181863156,5,31,12.8430681699103
397838.6126,87603.83526,47,A,6,1.90985931710274,30.2014675140381,1.60802555084229,2.95163035392761,3.50891375541687,4.82299995422363,0,0,0.0360526034706517,15.5094234048086,5,33,21.547361908033
397823.4013,87550.13179,15,B,3,0.954929658551372,120.256507873535,1.83783495426178,2.18787956237793,3.48885416984558,6.80299997329712,0,0,0.032736853549355,19.4443177881773,5,27,16.0708178097976
397822.8358,87549.24243,14,B,3,0.954929658551372,110.326354980469,1.80402290821075,2.1947283744812,3.49453902244568,6.75299978256226,0,0,0.0350952602568127,19.4920524575695,4,26,16.9434364469453
397823.5413,87547.2405,13,B,7,2.22816920328654,128.560134887695,1.82674252986908,2.57196998596191,3.48786020278931,6.75500011444092,0,0,0.0173500299453735,17.9784437018963,3,25,18.9649487070687
397813.4397,87547.57854,12,B,4,1.27323954473516,132.488632202148,1.86608099937439,2.3102753162384,3.43699502944946,7.03299999237061,0,0,0.0112500190734863,12.1303128592057,5,19,18.3346539233536
397814.9974,87555.80673,11,B,0,0,115.390968322754,1.84705972671509,3.04535579681396,3.18912649154663,7.15500020980835,0,0,0.039789500989412,19.9522625232687,4,21,10.1550001126035
397814.2194,87553.69425,10,B,1,0.318309886183791,107.670455932617,1.85005390644073,3.05261182785034,3.21168756484985,7.09200000762939,0,0,0.0303500175476074,17.7178577489809,4,18,12.2440753191695
397804.4729,87558.369,9,B,5,1.59154943091895,148.712158203125,1.92728912830353,2.60462999343872,3.32792448997498,7.75500011444092,0,0,0.0563000202178955,20.3692563956327,5,20,7.28916622881948
397813.5118,87550.91454,8,B,1,0.318309886183791,113.62939453125,1.82332742214203,2.99913835525513,3.27762007713318,7.2020001411438,0,0,0.0168095089140392,14.9419384897331,5,19,15.0021387165675
397817.8201,87549.13343,7,B,9,2.86478897565412,112.206298828125,1.81169557571411,1.41148781776428,3.43768119812012,6.90999984741211,0,0,0.0351666609446208,16.2400887541153,5,20,16.9072085508259
397827.2905,87559.02617,6,B,4,1.27323954473516,71.7628631591797,1.71398460865021,1.96736299991608,3.30506086349487,6.78999996185303,0.11299991607666,0,0.0549999872843424,22.8793474207577,5,24,7.29273970280611
397830.1861,87557.35689,5,B,2,0.636619772367581,88.4805374145508,1.74912905693054,2.69901752471924,3.28904461860657,6.61800003051758,0,0,0.0650000070270739,19.9380982066848,5,27,9.0451350083894
397828.6291,87550.90791,4,B,4,1.27323954473516,136.723724365234,1.86491727828979,2.1876962184906,3.52563977241516,6.63199996948242,0,0,0.0642381395612444,15.7550393915305,4,27,15.446344588501
397830.1879,87561.47133,3,B,1,0.318309886183791,100.718124389648,1.78466808795929,2.17476320266724,3.45655417442322,6.64799976348877,0,0,0.030578939538253,23.606163061867,5,26,4.93247110346901
397837.8892,87564.804,2,B,0,0,71.7503128051758,1.72149693965912,2.79936265945435,3.60879397392273,6.42700004577637,0.103000164031982,0,0.0271052812275134,24.8936678738293,4,31,1.44713395367976
397845.8681,87556.46046,1,B,3,0.954929658551372,90.8716659545898,1.78627860546112,2.58758878707886,3.46382117271423,6.05000019073486,0,0,0.0561052623548006,16.5666996148274,4,32,9.40765784299233
397379.715827056,87580.4804602361,1,last_year,1,0.0795774715459477,117.381988525391,1.79596412181854,2.35786628723145,3.98947501182556,13.4479999542236,0,0,0.0637001514434814,20.2213251329662,8,42,2.05836137136964
397376.963664332,87585.9307525564,1,last_year,1,0.0795774715459477,119.199417114258,1.84115350246429,2.75050926208496,3.91073417663574,13.6319999694824,0,0,0.0544737765663549,19.659263564218,9,43,3.63614583360385
397538.26886001,87505.4504418522,1,last_year,32,2.54647908947033,100.776313781738,1.76093471050262,1.20640444755554,4.1406683921814,10.5920000076294,0.123000144958496,0,0.0613999843597412,16.1827675933709,19,56,88.7929349418683
397545.619330635,87512.897297187,1,last_year,20,1.59154943091895,125.452423095703,1.79831314086914,1.67880296707153,4.21250247955322,10.6350002288818,0,0,0.0486499786376953,19.8659026367794,13,56,79.900519718517
397554.238890641,87515.3394939352,1,last_year,3,0.238732414637843,114.265937805176,1.80813837051392,1.71604001522064,4.29886150360107,10.539999961853,0.11299991607666,0,0.058736851340846,25.297590964908,10,56,75.606321487371
397564.343122659,87520.2274040427,1,last_year,30,2.38732414637843,119.303497314453,1.77674746513367,1.44105541706085,4.43103122711182,10.3500003814697,0.11199951171875,0,0.0419499397277832,18.6500502657955,7,53,68.8275159182231
397570.702436478,87523.3379368267,1,last_year,3,0.238732414637843,174.165130615234,1.91548013687134,1.97181940078735,4.28181028366089,10.3420000076294,0.116000175476074,0,0.034142812093099,14.6618065480487,6,54,64.5957446455362
397597.53554574,87500.6399394638,1,last_year,7,0.557042300821634,106.043464660645,1.82674419879913,2.00755643844604,4.46785068511963,9.36800003051758,0.138999938964844,0,0.0730526572779605,4.16508232201523,7,37,81.7211123155483
397599.156632707,87492.9662869231,1,last_year,6,0.477464829275686,105.481521606445,1.79127669334412,2.06509399414062,4.71148681640625,9.23499965667725,0.15000057220459,0,0.0740476335797991,11.065427082297,6,38,88.3320676131181
397600.352745787,87482.9576171776,1,last_year,30,2.38732414637843,50.5186500549316,1.62998569011688,3.15636205673218,4.71166181564331,9.13199996948242,0.123000144958496,0,0.0611052262155633,21.0421262251808,5,40,84.6176696527375
397602.679202541,87473.0596059449,1,last_year,29,2.30774667483248,63.0074462890625,1.71821570396423,2.14502143859863,4.40814733505249,9.1899995803833,0.10200023651123,0,0.103047643389021,28.2732895128441,6,41,75.5029572925469
397605.360110037,87465.7190499417,1,last_year,26,2.06901426019464,29.2143688201904,1.61822891235352,2.49296760559082,4.02973556518555,9.35799980163574,0.109000205993652,0,0.0564500331878662,32.1267711226577,6,41,69.2105176994541
397631.203339838,87440.24167655,1,last_year,30,2.38732414637843,215.939331054688,1.89098858833313,3.08422684669495,3.91111874580383,8.89200019836426,0,0,0.0488947818153783,24.2419331169919,4,28,59.7780567895324
397632.752585269,87429.8992443146,1,last_year,29,2.30774667483248,193.941741943359,1.88001751899719,2.62889623641968,3.33468508720398,8.51000022888184,0.11299991607666,0,0.0547368400975278,13.8995008800674,4,31,52.3581993978254
397643.272467547,87417.21734474,1,last_year,11,0.875352187005424,224.581893920898,1.87664330005646,2.08056044578552,4.26513862609863,8.36299991607666,0,0,0.0411904652913411,7.95504934147403,7,33,48.3615626012252
397646.447861696,87409.6541748095,1,last_year,8,0.636619772367581,302.036102294922,1.6541086435318,2.81954550743103,4.49804925918579,8.34000015258789,0,0,0.0183499813079834,10.710672332571,7,30,44.144373196397
397622.004025618,87407.3305445201,1,last_year,33,2.62605656101627,214.404861450195,2.07611393928528,5.79177951812744,4.12085294723511,6.18200016021729,0.224999904632568,0.754440009593964,0.240055508083767,6.03039727404543,5,31,27.8050278187944
397618.324554171,87394.7665821508,1,last_year,32,2.54647908947033,279.591217041016,1.67563724517822,8.8272819519043,2.73175168037415,6.1100001335144,0.119999885559082,0.30076003074646,0.435315834848504,3.2331198423637,7,28,15.5000044019198
397618.391695541,87387.427281829,1,last_year,20,1.59154943091895,284.781829833984,1.63985419273376,5.9853048324585,2.76234197616577,6.23299980163574,0.159000396728516,0,0.457600021362305,3.03234720671116,9,28,9.62374556337204
397617.323169169,87368.8572194758,1,last_year,32,2.54647908947033,239.481750488281,1.95324003696442,7.84854125976562,2.1438512802124,5.71000003814697,0.101999759674072,0,0.127238046555292,18.3958829321863,9,29,5.97741079849131
397610.254643608,87360.2981196877,1,last_year,6,0.477464829275686,233.800689697266,1.98930859565735,7.24323892593384,2.42424511909485,4.16800022125244,0.12999963760376,0,0.0470499873161316,17.1730539122814,8,29,17.0599399433748
397598.523825972,87352.2972752888,1,last_year,20,1.59154943091895,192.515472412109,2.10930895805359,6.64606380462646,2.61280298233032,2.69700002670288,0,0,0.285449993610382,13.0437092641688,6,30,30.4517104976771
397694.599243284,87349.9167212385,1,last_year,20,1.59154943091895,151.789733886719,1.77563142776489,0.613591432571411,4.67382001876831,9.26200008392334,0,0,0.0428947147570158,12.0522035389214,13,33,7.28116421874691
397694.310696526,87337.0175358405,1,last_year,20,1.59154943091895,160.256484985352,2.45710229873657,13.1525402069092,1.36686682701111,8.35200023651123,0,0,0.0239474145989669,13.6134144304922,12,31,5.29182984177592
397685.901035408,87330.6829755233,1,last_year,13,1.03450713009732,194.086029052734,2.55537056922913,14.6643896102905,1.37140905857086,6.57999992370605,0.132999897003174,0,0.0689999931736996,15.9038582794377,12,32,13.5022797926428
397676.999793758,87330.6871161221,1,last_year,30,2.38732414637843,212.809844970703,2.32782244682312,13.1470823287964,1.25796175003052,5.88700008392334,0.152999877929688,0,0.0691428638639904,7.00261662939362,13,31,15.6902954475502
397658.635285016,87337.367768048,1,last_year,29,2.30774667483248,198.715133666992,2.49176454544067,14.5032138824463,1.28714728355408,6.07999992370605,0,0,0.074190480368478,9.02610728695029,12,30,14.0823794213971
397375.196990431,87584.7084657586,1,last_year,34,2.70563403256222,181.029083251953,1.87391090393066,1.19607067108154,4.36058235168457,13.6949996948242,0.105000495910645,0,0.0659524372645787,17.5178817527953,8,43,5.19482658877444
397374.914658037,87585.1534179274,1,last_year,4,0.318309886183791,181.029083251953,1.87391090393066,1.19607067108154,4.36058235168457,13.6949996948242,0.105000495910645,0,0.0659524372645787,17.5020286148043,8,43,4.81724840295898
397376.959939267,87578.8138859078,1,last_year,7,0.557042300821634,136.702835083008,1.86652708053589,1.87394213676453,4.32222509384155,13.4449996948242,0.183000564575195,0,0.0980477560134161,17.1946127345704,8,44,5.26014032582068
397380.417474388,87571.361605607,1,last_year,5,0.397887357729738,154.486053466797,1.83609247207642,1.39644229412079,4.30899143218994,13.2119998931885,0.133000373840332,0,0.107799959182739,20.4202975012101,8,45,5.2706095405821
397382.88667545,87565.1330555307,1,last_year,3,0.238732414637843,141.842727661133,1.87720215320587,2.16672730445862,4.34648990631104,13.1750001907349,0,0,0.101190521603539,23.4011493935695,7,41,5.66064811731037
397385.568503734,87560.2388085542,1,last_year,26,2.06901426019464,140.345687866211,1.85832047462463,1.73901510238647,4.47686052322388,13.0170001983643,0,0,0.0454999446868896,27.370944469054,6,37,3.27533601615233
397385.067570531,87547.8957515312,1,last_year,29,2.30774667483248,141.397308349609,1.81710088253021,1.68120074272156,4.73531627655029,12.9849996566772,0,0,0.0610526737413908,31.7065300096029,5,34,9.03647978056115
397387.25480038,87542.7793615636,1,last_year,32,2.54647908947033,94.0613861083984,1.76555013656616,1.21324026584625,4.55362701416016,12.8070001602173,0.182999610900879,0,0.0592380705333891,28.5786035486581,6,34,13.8473832678131
397389.581116946,87533.4372596754,1,last_year,4,0.318309886183791,109.759162902832,1.78806090354919,1.17558574676514,4.57432079315186,12.8299999237061,0,0,0.0908000946044922,23.7507380082533,6,35,22.835364916249
397391.837783755,87525.9856132689,1,last_year,30,2.38732414637843,126.797515869141,1.79046678543091,1.13574194908142,4.64230442047119,12.6129999160767,0,0,0.0183333820766873,22.6460315931988,5,37,29.9874181449794
397391.691289391,87515.9775940409,1,last_year,20,1.59154943091895,126.775299072266,1.8110591173172,1.73410093784332,4.16465902328491,12.5299997329712,0.135000228881836,0,0.0702777438693576,21.7881527938898,6,37,39.9553510020655
397398.048227753,87514.3062726693,1,last_year,2,0.159154943091895,101.499252319336,1.77796423435211,1.27515351772308,4.59115266799927,12.4049997329712,0.105000495910645,0,0.0557777616712782,28.2931648301904,6,40,40.9489068585576
397403.41127826,87503.1833841416,1,last_year,26,2.06901426019464,126.936653137207,1.80278611183167,0.6137575507164,4.63973522186279,12.2600002288818,0.14799976348877,0,0.0534286044892811,21.1917417980983,6,42,44.3815170311625
397410.402695821,87498.9541246766,1,last_year,20,1.59154943091895,107.887504577637,1.81756842136383,3.55136752128601,3.3436644077301,12.1599998474121,0,0,0.0459000110626221,17.5174098297115,6,50,41.6211739253118
397414.354255659,87490.3896018716,1,last_year,30,2.38732414637843,78.9406127929688,1.72498273849487,1.60502398014069,3.63225078582764,12.0679998397827,0.10200023651123,0,0.0747499465942383,11.8418956440402,8,52,34.0512826349486
397418.660818923,87485.2721318603,1,last_year,31,2.46690161792438,123.131050109863,1.826700091362,1.52623951435089,3.53048515319824,11.8520002365112,0,0,0.083952404203869,13.0796160047215,7,57,30.6395218881823
397418.657093387,87478.044065294,1,last_year,20,1.59154943091895,80.0156326293945,1.74821674823761,2.00264835357666,3.81940650939941,11.7569999694824,0.11299991607666,0,0.0902105632581209,12.6599164071815,6,68,24.2457243923356
397424.7995275,87471.2576387349,1,last_year,4,0.318309886183791,80.7455749511719,1.73468852043152,2.2700731754303,3.95077705383301,11.7200002670288,0.11299991607666,0,0.0697619120279948,19.3911304435331,6,69,22.838369775843
397425.784869284,87464.140264843,1,last_year,30,2.38732414637843,120.450401306152,1.80692994594574,1.37054097652435,4.3429126739502,11.7779998779297,0.175000190734863,0,0.0781579268606086,16.3785769401611,6,74,18.3802306497897
397428.536290517,87457.0219839748,1,last_year,5,0.397887357729738,129.494476318359,1.80524182319641,1.26664113998413,4.35276699066162,11.6630001068115,0,0,0.104809579395113,10.7112686057449,7,82,15.99531036623
397432.418637162,87451.1263361192,1,last_year,7,0.557042300821634,162.226943969727,1.83662009239197,1.3723087310791,4.24355840682983,11.6800003051758,0.104999542236328,0.359399914741516,0.101499938964844,5.57853984476812,7,89,15.2726107224144
397435.735334158,87444.230171453,1,last_year,33,2.62605656101627,337.094451904297,1.74140465259552,0.552012503147125,4.48665714263916,11.5419998168945,0.187999725341797,0.359399914741516,0.0571999549865723,6.1970873565112,9,93,13.5679828843726
397444.563923051,87440.667223804,1,last_year,30,2.38732414637843,91.4992980957031,1.75276362895966,0.684170007705688,4.83890247344971,11.4879999160767,0.161999702453613,0,0.0833999633789062,9.33251944484226,11,90,16.9695500975461
397451.488041293,87442.7765137237,1,last_year,4,0.318309886183791,100.981140136719,1.80105805397034,0.488786190748215,4.09158086776733,11.4720001220703,0,0.45304012298584,0.0690500259399414,9.07329242284267,14,90,21.4399128094765
397456.998385263,87443.1073142041,1,last_year,26,2.06901426019464,114.802871704102,1.79192507266998,1.04132843017578,4.32604312896729,11.3850002288818,0,0,0.0572380338396345,12.9819937308601,14,87,23.1532202194075
397464.134255892,87444.8829101404,1,last_year,20,1.59154943091895,132.985397338867,1.83328139781952,1.00830769538879,3.95826101303101,11.3020000457764,0,0,0.0745789879246762,18.8450420939033,15,86,26.2961304194917
397717.830249059,87634.1359093857,1,last_year,19,1.51197195937301,65.2824249267578,1.73508179187775,1.24158871173859,4.10979986190796,6.61499977111816,0.147000312805176,0.706760108470917,0.082473779979505,5.44257815320262,10,28,8.34413730353324
397725.598285442,87628.7947037955,1,last_year,18,1.43239448782706,29.1407814025879,1.66010546684265,1.85251796245575,4.34688472747803,6.47700023651123,0.119999885559082,0,0.0661499500274658,14.7558192572878,11,23,10.3121571471913
397732.730772863,87623.8986034848,1,last_year,9,0.716197243913529,53.1060256958008,1.65977644920349,3.40794062614441,4.09606504440308,6.48699998855591,0.160999774932861,0.207440078258514,0.0542632153159694,13.2664039755892,11,19,13.5086478453834
397741.486601138,87615.8881461186,1,last_year,27,2.14859173174059,22.1903095245361,1.62712204456329,2.9366729259491,3.67558932304382,6.6399998664856,0.105000019073486,0,0.0244210393805253,4.98037517684134,10,22,19.4798164301975
397745.086870027,87610.5488623837,1,last_year,22,1.75070437401085,50.801570892334,1.59230732917786,3.8019917011261,3.67129516601562,6.67500019073486,0,0,0.005571410769508,7.50628327523113,10,21,23.9340383057708
397774.605104635,87588.851364235,1,last_year,20,1.59154943091895,5.64665412902832,1.59158551692963,2.87274885177612,3.65775489807129,7.84499979019165,0,0,0.0269523575192406,24.4599339904555,4,25,21.2779923313935
397783.363633102,87586.6234316661,1,last_year,33,2.62605656101627,19.8879299163818,1.57708382606506,2.94487571716309,3.23875308036804,7.87200021743774,0,0,0.0649524416242327,17.3797534091935,4,24,19.69785892113
397804.06016393,87583.5006177742,1,last_year,18,1.43239448782706,36.7659873962402,1.49818313121796,4.72761106491089,2.94030547142029,7.40299987792969,0,0,0.0264210199054919,10.6998859238571,4,24,17.843868011495
397838.248307758,87578.2591761745,1,last_year,10,0.795774715459477,42.845272064209,1.6480884552002,2.55756878852844,3.54921293258667,6.19000005722046,0,0,0.0373000383377075,18.079610799236,3,31,12.010090378885
397847.7170068,87584.593524269,1,last_year,14,1.11408460164327,18.9151744842529,1.54936921596527,3.50845718383789,3.06450915336609,5.67700004577637,0,0,0.0346499919891357,6.89543790325575,5,32,18.781138514382
397863.682190222,87585.1426342351,1,last_year,6,0.477464829275686,63.1991653442383,1.67547130584717,2.33366656303406,3.68309211730957,5.16800022125244,0,0,0.0135263141832854,7.47735840501579,5,35,14.8511624075206
397868.770801821,87590.811700995,1,last_year,4,0.318309886183791,23.1985607147217,1.54825508594513,3.51367449760437,3.43698072433472,4.88700008392334,0.180999755859375,0,0.0966666312444778,10.7736249485401,7,39,7.93696573052081
397840.243869654,87618.7354963261,1,last_year,33,2.62605656101627,42.854118347168,1.68587327003479,2.16293811798096,3.70259046554565,4.21500015258789,0,0,0.0347894618385717,21.8178693568245,6,33,6.64200488385788
397830.637340631,87620.1852965457,1,last_year,9,0.716197243913529,55.5138854980469,1.66048657894135,2.35771346092224,3.78034090995789,4.44999980926514,0,0,0.0513684624119809,30.3819941028459,4,32,6.46896909776526
397821.101360238,87621.4126813389,1,last_year,8,0.636619772367581,85.4496688842773,1.75980317592621,1.03806388378143,4.64827060699463,4.73299980163574,0,0,0.0405238469441732,28.9951503231871,4,30,6.44381749521888
397815.870809452,87614.2981091336,1,last_year,15,1.19366207318922,43.0693969726562,1.67559218406677,2.7038516998291,3.75585150718689,4.92700004577637,0,0,0.01942105042307,20.1648176229886,4,28,14.1566794607402
397809.2981627,87607.4065357525,1,last_year,24,1.90985931710274,23.7407932281494,1.48171484470367,5.15385866165161,2.88456249237061,5.51999998092651,0,0,0.0346667198907761,10.797601092814,2,25,21.2540348411081
397717.915005043,87664.9385690211,1,last_year,5,0.397887357729738,103.762870788574,1.77873075008392,2.00113749504089,4.50320196151733,5.4520001411438,0,0.385359972715378,0.630947288713957,2.28403864541051,8,37,20.1718701624138
397720.390723036,87672.1655053601,1,last_year,25,1.98943678864869,139.879333496094,1.88531947135925,1.66665530204773,4.51648044586182,5.42999982833862,0.107000350952148,0,0.0633684710452431,4.20678416612087,6,35,25.4186718844737
397725.550705914,87679.280015024,1,last_year,15,1.19366207318922,160.42155456543,1.87556993961334,2.38168692588806,4.42044067382812,5.48000001907349,0.11299991607666,0.477200001478195,0.0830499887466431,5.81949196917986,6,36,32.9389978621592
397729.577848999,87680.7237910794,1,last_year,1,0.0795774715459477,171.298416137695,1.90559792518616,3.14495205879211,4.25853490829468,5.50500011444092,0.107999801635742,0.477200001478195,0.110449910163879,6.72404754688846,6,36,37.2129291392659
397731.767690489,87680.7227929202,1,last_year,11,0.875352187005424,165.703796386719,2.03070259094238,3.82277607917786,4.22117376327515,5.5,0.206999778747559,0.477200001478195,0.104947316019159,6.72304938608454,7,37,39.2391775349593
397738.548933026,87680.2749034255,1,last_year,32,2.54647908947033,196.050872802734,1.90631377696991,2.93743181228638,4.13780450820923,5.47499990463257,0.115000247955322,0.480479955673218,0.127249956130981,7.75216850246757,8,37,42.1786642228782
397516.510727288,87647.1313654119,1,last_year,30,2.38732414637843,122.228614807129,1.85209667682648,1.94653141498566,3.95701003074646,11.8800001144409,0.11299991607666,0,0.0576190494355701,8.55772293794751,12,50,12.6431346970839
397510.862808624,87653.8062389228,1,last_year,26,2.06901426019464,101.734115600586,1.78775453567505,1.70750916004181,3.8851842880249,12.1979999542236,0.277000427246094,1.10747992992401,1.06715799632825,2.86563181752651,9,54,20.6661002289748
397501.684554891,87663.8189136228,1,last_year,2,0.159154943091895,136.797836303711,1.8485244512558,3.38572812080383,3.54678010940552,12.664999961853,0.833000183105469,0.549519896507263,0.48774995803833,6.67871345643884,11,51,20.8507893292989
397500.278975324,87678.275757059,1,last_year,3,0.238732414637843,33.90283203125,1.57018041610718,3.20665311813354,4.10072612762451,13.0200004577637,6.78999900817871,3.25376009941101,4.33714995384216,0,9,61,9.73323892075734
397498.866173681,87678.2764634469,1,last_year,13,1.03450713009732,54.7066230773926,1.57417798042297,4.2872109413147,3.69751453399658,13.25,6.73500061035156,3.25376009941101,4.63615778872841,0,10,60,10.5765691254949
397573.01286229,87625.9753984699,1,last_year,10,0.795774715459477,20.7882289886475,1.67249965667725,1.65424716472626,4.4275074005127,10.0170001983643,0,0,0.0531579569766396,11.1515508348284,10,43,2.16321417202855
397586.428699288,87613.7367781302,1,last_year,2,0.159154943091895,139.746490478516,1.85595941543579,1.40734696388245,3.98041224479675,9.69299983978271,5.60900020599365,2.06228017807007,4.53610010147095,0,9,40,11.1442246851573
397595.607203097,87603.7242529776,1,last_year,28,2.22816920328654,28.3007564544678,1.64294922351837,2.37790608406067,3.76026678085327,10.0200004577637,0.156999588012695,0,0.0763999462127685,8.72882109534385,10,33,19.0077536483513
397609.735420782,87603.717467608,1,last_year,23,1.8302818455568,39.6412162780762,1.62158131599426,3.03380393981934,3.79280829429626,9.61999988555908,0,0,0.051349925994873,13.1902164194115,7,30,21.6110319747013
397618.209166821,87597.0413519795,1,last_year,6,0.477464829275686,14.1864595413208,1.65554893016815,1.98637700080872,3.91282105445862,9.61499977111816,0.135000228881836,0,0.0703684656243575,15.430570131765,7,31,16.6152004213585
397618.912925548,87591.4809626419,1,last_year,11,0.875352187005424,46.2424736022949,1.70460879802704,2.10122752189636,3.95050406455994,9.8120002746582,0.11299991607666,0,0.0484762645903088,12.3654515279916,6,30,11.28051968005
397633.034844982,87578.1301151004,1,last_year,5,0.397887357729738,136.927490234375,1.92267894744873,3.15869808197021,3.51027274131775,9.85499954223633,0,0.241480022668839,1.15994744551809,1.86962833508862,7,29,3.30679842158565
397710.718956614,87531.3893879616,1,last_year,16,1.27323954473516,153.156219482422,1.82500636577606,1.31618809700012,5.2416090965271,7.44999980926514,0.185000419616699,0.435640037059784,0.065952391851516,7.3896444500827,8,26,40.1298392788509
397726.254625241,87519.1501545926,1,last_year,17,1.35281701628111,104.062438964844,1.77848148345947,1.90048575401306,4.52340936660767,6.99499988555908,0,0,0.0394737344039114,9.77952529582081,9,22,51.4669979611888
397742.492755892,87498.0145648766,1,last_year,4,0.318309886183791,113.993041992188,1.79581999778748,1.35595178604126,4.1101245880127,6.13500022888184,0,0,0.0853334003024631,10.610259817387,8,24,71.6677316352407
397763.679012785,87483.5488628115,1,last_year,24,1.90985931710274,32.8556976318359,1.58941376209259,3.27033257484436,4.40280246734619,5.35799980163574,0,1.28460001945496,0.040149998664856,6.20136126005033,7,23,80.840240129
397777.093673262,87466.8626934762,1,last_year,3,0.238732414637843,127.186401367188,1.88511157035828,3.23738932609558,3.81989431381226,4.96500015258789,0,0,0.0260952540806362,13.7658936865335,6,25,64.4154841349442
397796.867782129,87453.5097683954,1,last_year,12,0.954929658551372,43.4116363525391,1.64328813552856,2.92068314552307,3.91890335083008,4.65700006484985,0,0,0.0161904607500349,10.8706051210565,5,39,42.4078778988032
397812.401925779,87436.8227517484,1,last_year,2,0.159154943091895,155.603393554688,1.80920970439911,0.719533085823059,5.75698471069336,4.49700021743774,0,0,0.0486500024795532,27.6203403523185,4,46,23.3885949436481
397816.61219009,87372.3243007515,1,last_year,13,1.03450713009732,100.472755432129,1.78881645202637,2.4020824432373,4.04253101348877,4.53999996185303,0.10200023651123,0,0.0238000392913818,14.5385187915745,9,40,17.5429514225434
397777.752905302,87361.2214147965,1,last_year,2,0.159154943091895,89.323356628418,1.75667703151703,1.81865811347961,3.83078575134277,6.14799976348877,0,0,0,20.3169129475772,6,34,8.1521387443697
397774.220687189,87361.2229940707,1,last_year,5,0.397887357729738,103.137969970703,1.80145573616028,1.716756939888,3.7553014755249,6.17000007629395,0,0,0,19.2458920122159,7,31,10.8820695142059
397729.703584548,87336.7788767387,1,last_year,3,0.238732414637843,176.205337524414,2.33622932434082,9.75252723693848,2.18216681480408,5.63700008392334,0,0,0.0499444802602132,12.8178557032787,13,31,1.97081976564378
397729.713217932,87357.9070671253,1,last_year,4,0.318309886183791,118.889183044434,1.85825145244598,2.40757012367249,3.27030444145203,7.57499980926514,0,0,0.0942105243080541,16.7047887738534,12,30,22.7523448742752
397680.266273175,87366.8259284031,1,last_year,29,2.30774667483248,8.47112083435059,1.70759093761444,1.020867228508,3.75478744506836,9.15499973297119,0,0,0.0117368196186266,19.173815077315,8,35,20.1399761234118
397659.08186173,87385.7400058964,1,last_year,15,1.19366207318922,7.8653564453125,1.67980134487152,1.7527242898941,4.41702890396118,8.85999965667725,0.503000259399414,0.769199967384338,1.22889478583085,1.74026243731543,7,32,30.0133105722172
397627.301565824,87405.7712081659,1,last_year,8,0.636619772367581,298.445953369141,1.45895290374756,9.85531234741211,3.97561025619507,6.59499979019165,0.167000293731689,0.754440009593964,0.327894737845973,2.33457584883042,5,32,29.6832794066497
397597.635466913,87414.6814825232,1,last_year,29,2.30774667483248,189.317504882812,2.2027759552002,7.86834335327148,2.52360534667969,7.17199993133545,0.105999946594238,0,0.0376500368118286,11.3240391856068,9,34,19.9035357353209
397574.331166247,87431.3729046761,1,last_year,31,2.46690161792438,179.148162841797,2.081059217453,5.5232253074646,2.32649827003479,9.60999965667725,0.140000343322754,0,0.0729999542236328,10.6268387002356,10,45,28.6347670731824
397551.733446178,87448.0640849357,1,last_year,8,0.636619772367581,203.98681640625,2.04160404205322,5.11306047439575,3.52604651451111,9.88700008392334,0.11299991607666,0.909479916095734,0.108368371662341,5.52074087256195,21,56,43.502151586776
397512.890753921,87470.323471037,1,last_year,2,0.159154943091895,238.169662475586,1.99597001075745,10.2044372558594,2.06231999397278,8.75500011444092,1.81999969482422,0.782480001449585,1.12473671059859,7.75559979167122,36,56,63.7582193737617
397489.588087591,87489.2392928118,1,last_year,2,0.159154943091895,61.1299324035645,1.54318022727966,7.09105348587036,2.94240045547485,8.57499980926514,1.13700008392334,1.25332009792328,1.43724999427795,1.23954951853573,32,53,75.4533162947655
397466.267572527,87472.5708907325,1,last_year,21,1.6711269024649,24.1804466247559,1.3228360414505,8.44465923309326,2.90852379798889,10.2170000076294,0.185999870300293,0,0.085099983215332,9.89302189896515,28,64,53.8636324781412
397435.173321252,87450.3465169311,1,last_year,29,2.30774667483248,157.217437744141,1.87521409988403,1.55322313308716,4.26358842849731,11.5950002670288,0,0.359399914741516,0.249449920654297,2.82385575556574,7,89,16.9407122944123
397408.332947808,87458.1444085867,1,last_year,26,2.06901426019464,152.592391967773,1.81515944004059,0.871226906776428,4.40843915939331,11.9169998168945,0,0,0.106894794263338,16.312757134108,7,73,2.13013704970651
397385.027122997,87470.3886344829,1,last_year,29,2.30774667483248,149.651519775391,1.87290072441101,1.60133683681488,4.43007183074951,12.1979999542236,0.119999885559082,0,0.0746842434531764,18.4177119018653,9,58,8.41325990549348
397364.553547497,87494.8635908084,1,last_year,33,2.62605656101627,132.324035644531,1.77109825611115,0.542459845542908,4.38862419128418,12.6700000762939,0.135000228881836,0,0.0939048131306966,7.15455224872059,8,42,25.4047783545832
397344.787174815,87520.4502644232,1,last_year,26,2.06901426019464,86.3784255981445,1.74894666671753,1.41702914237976,3.69606781005859,13.2729997634888,0,0,0.129399967193604,8.89917962114079,9,45,7.89614421637474
397325.725635509,87542.7006060578,1,last_year,5,0.397887357729738,138.270416259766,1.86089646816254,1.77481830120087,4.31927728652954,13.6599998474121,0.197999954223633,0,0.105368413423237,7.76017274843007,14,48,10.1767436110612
397317.975835243,87581.6251183064,1,last_year,29,2.30774667483248,194.19873046875,1.82448768615723,0.91968309879303,4.43808364868164,14.1020002365112,0.109999656677246,0,0.087000052134196,10.0213416333059,16,55,2.38218457864465
